,stt,ship name,eta,cont num,seal num,etd,cont 20',cont 40',xuat/nhap,product name,weight (tons),time,dc nang cont,dc ha cont,customer name,cs,vendor,contract num, charge , ps 1 , ps 2 , ps 3 , ps 4 , ps 5 , invoice 
0,1,MVN-0675,2023-06-30,SEKU5589089,0,2023-07-01,0.0,1,NHAP,Thiet Bi Y Te,23,0 days 07:00:00,CANG BEN NGHE,CANG TAN THUAN,GND,QUYNH,HAFT,0.0," 1,958,000 ",0,0,0.0,0.0,0.0," 1,958,000 "
1,2,MVN-0675,2023-06-30,TCNU4233428,28756929,2023-07-01,0.0,1,NHAP,Mi Tom,17,0 days 13:00:00,CANG BEN NGHE,CANG TAN THUAN,GND,QUYNH,HAFT,0.0," 2,314,000 ",0,0,0.0,0.0,0.0," 2,314,000 "
2,3,MVN-0675,2023-06-30,GAOU6102470,28851627,2023-07-01,0.0,1,NHAP,Mi Tom,17,0 days 13:00:00,CANG BEN NGHE,CANG TAN THUAN,GND,QUYNH,HAFT,0.0," 2,314,000 ",0,0,0.0,0.0,0.0," 2,314,000 "
3,4,MVN-0675,2023-06-30,TCLU8931055,28836502,2023-07-01,0.0,1,NHAP,Vai Vun,17,0 days 07:00:00,CANG BEN NGHE,CANG TAN THUAN,GND,QUYNH,HAFT,0.0," 2,746,000 ",0,0,0.0,0.0,0.0," 2,746,000 "
4,5,MVN-0675,2023-06-30,DRYU9705334,386626,2023-07-01,0.0,1,NHAP,Vai,28,0 days 07:00:00,CANG BEN NGHE,CANG TAN THUAN,GND,HIEN,HAFT,0.0," 2,746,000 ",0,0,0.0,0.0,0.0," 2,746,000 "
5,6,V28-0600,2023-07-04,DFSU7361713,VMC117583,2023-07-01,0.0,1,XUAT,Linh Kien,24,0 days 08:00:00,DEPOT VINAFCO,CANG LOTUS,GND,QUYNH,HAFT,0.0," 3,082,000 ",0,0,0.0,0.0,0.0," 3,082,000 "
6,7,V28-0600,2023-07-04,DRYU9678033,748114,2023-07-01,0.0,1,XUAT,Si Nhom,28,0 days 08:00:00,DEPOT VINAFCO,CANG LOTUS,GND,HIEN,HAFT,0.0," 8,698,000 ",0,0,0.0,0.0,0.0," 8,698,000 "
7,8,MVN-0675,2023-06-29,SEKU6304600,0,2023-07-03,0.0,1,NHAP,Thiet Bi Y Te,23 TAN,0 days 07:00:00,CANG BEN NGHE,CANG TAN THUAN,GND,QUYNH,HAFT,0.0," 2,179,000 ",0,0,0.0,0.0,0.0," 2,179,000 "
8,9,MVN-0675,2023-06-30,DRYU9704831,386625,2023-07-03,0.0,1,NHAP,Mi Tom,17,0 days 13:00:00,CANG BEN NGHE,TRA - DONG KET HOP,GND,QUYNH,HAFT,0.0," 2,314,000 ",0,0,0.0,0.0,0.0," 2,314,000 "
9,10,MVN-0675,2023-06-30,TCLU8930552,28783188,2023-07-03,0.0,1,NHAP,Mi Tom,17,0 days 13:00:00,CANG BEN NGHE,CANG TAN THUAN,GND,QUYNH,HAFT,0.0," 2,314,000 ",0,0,0.0,0.0,0.0," 2,314,000 "
10,11,MVN-0675,2023-06-30,TCNU6515225,386628,2023-07-03,0.0,1,NHAP,Vai Vun,16,0 days 07:00:00,CANG BEN NGHE,CANG TAN THUAN,GND,QUYNH,HAFT,0.0," 2,746,000 ",0,0,0.0,0.0,0.0," 2,746,000 "
11,12,V28-0599,2023-07-02,FCIU7549498,6610,2023-07-04,0.0,1,NHAP,Noi That,28,0 days 07:00:00,CANG LOTUS,TRA - DONG KET HOP,GND,QUYNH,HAFT,0.0," 3,158,000 ",0,0,0.0,0.0,0.0," 3,158,000 "
12,13,V28-0599,2023-07-02,DRYU9677593,735933,2023-07-04,0.0,1,NHAP,Vai Vun,17,0 days 06:00:00,CANG LOTUS,TRA - DONG KET HOP,GND,QUYNH,HAFT,0.0," 2,746,000 ",0,0,0.0,0.0,0.0," 2,746,000 "
13,14,V28-0599,2023-07-02,DRYU9703943,0,2023-07-04,0.0,1,NHAP,Gia Dung,15,0 days 07:00:00,CANG LOTUS,CANG BEN NGHE,GND,HIEN,HAFT,0.0," 2,179,000 ",0,0,0.0,0.0,0.0," 2,179,000 "
14,15,V28-0599,2023-07-02,DRYU9677130,0,2023-07-04,0.0,1,NHAP,Sua,SUA,0 days 06:00:00,CANG LOTUS,TRA - DONG KET HOP TAI CHO,GND,OANH,HAFT,0.0," 2,314,000 ",0,0,0.0,0.0,0.0," 2,314,000 "
15,16,V28-0599,2023-07-02,DRYU9678389,BA44975,2023-07-04,0.0,1,NHAP,Gom Su,0,0 days 08:00:00,CANG LOTUS,TRA - DONG KET HOP,TRANSIN HAN,TU,HAFT,0.0," 2,362,000 ",0,0,0.0,0.0,0.0," 2,362,000 "
16,17,V26-0758,2023-07-06,FCIU7549498,VSICO19226595,2023-07-04,0.0,1,XUAT,Nuoc Ngot,28,0 days 13:00:00,DONG KET HOP,CANG TAN THUAN,GND,NGUYEN,HAFT,0.0," 1,458,100 ",0,0,0.0,0.0,0.0," 1,458,100 "
17,18,V26-0758,2023-07-06,DRYU9704831,0,2023-07-04,0.0,1,XUAT,Phe Nhom,28,0 days 08:00:00,DONG KET HOP,CANG TAN THUAN,GND,HIEN,HAFT,0.0," 4,896,000 ",0,0,0.0,0.0,0.0," 4,896,000 "
18,19,V26-0758,2023-07-06,DRYU9677130,0,2023-07-04,0.0,1,XUAT,Sua,29,0 days 09:00:00,DONG KET HOP TAI CHO,CANG TAN THUAN,GND,OANH,HAFT,0.0," 1,157,000 ",0,0,0.0,0.0,0.0," 1,157,000 "
19,20,V26-0758,2023-07-06,DRYU9677593,0,2023-07-04,0.0,1,XUAT,Sua,29,0 days 10:00:00,DONG KET HOP,CANG TAN THUAN,GND,OANH,HAFT,0.0," 2,314,000 ",0,0,0.0,0.0,0.0," 2,314,000 "
20,21,V26-0758,2023-07-06,DRYU9678389,0,2023-07-04,0.0,1,XUAT,Sua,29,0 days 14:00:00,DONG KET HOP,CANG TAN THUAN,GND,OANH,HAFT,0.0," 1,619,800 ",0,0,0.0,0.0,0.0," 1,619,800 "
21,22,MVN-0675,2023-06-29,SEKU6307298,107798,2023-07-05,0.0,N,NHAP,Thiet Bi Y Te,23,0 days 07:00:00,CANG BEN NGHE,CANG TAN THUAN,GND,QUYNH,HAFT,0.0," 2,179,000 ",0,0,0.0,0.0,0.0," 2,179,000 "
22,23,V28-0599,2023-07-02,DRYU9672436,28869616,2023-07-05,0.0,1,NHAP,Vai Vun,17,0 days 07:00:00,CANG LOTUS,CANG BEN NGHE,GND,QUYNH,HAFT,0.0," 2,746,000 ",0,0,0.0,0.0,0.0," 2,746,000 "
23,24,V26-0758,2023-07-06,DRYU9677525,748183,2023-07-05,0.0,1,XUAT,Dien Tu,12,0 days 13:00:00,CANG TAN THUAN,CANG TAN THUAN,GND,QUYNH,HAFT,0.0," 2,362,000 ",0,0,0.0,0.0,0.0," 2,362,000 "
24,25,V26-0758,2023-07-06,DRYU9703579,VSICO19226515,2023-07-05,0.0,1,XUAT,Nuoc Ngot,28,0 days 08:00:00,GREEN LINH TRUNG,CANG TAN THUAN,GND,NGUYEN,HAFT,0.0," 2,083,000 ",0,0,0.0,0.0,0.0," 2,083,000 "
25,26,MVN-0675,2023-06-29,SEKU5758403,0,2023-07-06,0.0,1,NHAP,Thiet Bi Y Te,23,0 days 07:00:00,CANG BEN NGHE,CANG TAN THUAN,GND,QUYNH,HAFT,0.0," 2,179,000 ",0,0,0.0,0.0,0.0," 2,179,000 "
26,27,V26-0757,2023-07-06,FCIU7549271,28877302,2023-07-06,0.0,1,NHAP,Nuoc Ngot,28,0 days 07:00:00,CANG TAN THUAN,TRA - DONG KET HOP TAI CHO,GND,NGUYEN,HAFT,0.0," 2,083,000 ",0,0,0.0,0.0,0.0," 2,083,000 "
27,28,V26-0757,2023-07-06,GAOU6111131,28851622,2023-07-06,0.0,1,NHAP,Nuoc Ngot,28,0 days 07:00:00,CANG TAN THUAN,TRA - DONG KET HOP TAI CHO,GND,NGUYEN,HAFT,0.0," 2,083,000 ",0,0,0.0,0.0,0.0," 2,083,000 "
28,29,MVN-0678,2023-07-08,FCIU7549271,0,2023-07-06,0.0,1,XUAT,Nuoc Ngot,28,0 days 10:00:00,DONG KET HOP TAI CHO,CANG BEN NGHE,GND,NGUYEN,HAFT,0.0," 1,041,500 ",0,0,0.0,0.0,0.0," 1,041,500 "
29,30,MVN-0678,2023-07-08,GAOU6111131,0,2023-07-06,0.0,1,XUAT,Nuoc Ngot,28,0 days 10:00:00,DONG KET HOP TAI CHO,CANG BEN NGHE,GND,NGUYEN,HAFT,0.0," 2,083,000 ",0,0,0.0,0.0,0.0," 2,083,000 "
30,31,V28-0599,2023-07-02,TCLU8930418,28851684,2023-07-08,0.0,1,NHAP,Soi,25,0 days 07:00:00,CANG LOTUS,CANG LOTUS,GND,HIEN,HAFT,0.0," 3,485,000 ",0,0,0.0,0.0,0.0," 3,485,000 "
31,32,MVN-0677,2023-07-08,DRYU9703630,0,2023-07-11,0.0,1,NHAP,Vai Vun,16,0 days 07:00:00,CANG BEN NGHE,TRA - DONG KET HOP,GND,QUYNH,HAFT,0.0," 2,746,000 ",0,0,0.0,0.0,0.0," 2,746,000 "
32,33,MVN-0677,2023-07-09,DRYU9108982,VFC391988,2023-07-11,0.0,1,NHAP,Dau Nhon Noev,0,0 days 08:00:00,CANG BEN NGHE,CANG TAN THUAN,TRANSIN HAN,TU,HAFT,0.0," 2,362,000 ",0,0,0.0,0.0,0.0," 2,362,000 "
33,34,MVN-0677,2023-07-09,DRYU9704071,0,2023-07-11,0.0,1,NHAP,Vai,28,0 days 07:00:00,CANG BEN NGHE,TRA - DONG KET HOP,GND,HIEN,HAFT,0.0," 5,242,000 ",0,0,0.0,0.0,0.0," 5,242,000 "
34,35,V28-0601,2023-07-11,TCLU8930275,391945/1663 ,2023-07-11,0.0,1,NHAP,Thiet Bi Dien,20,0 days 21:00:00,CANG BEN NGHE,CANG BEN NGHE,GND,THAO,HAFT,0.0," 3,043,000 ",0,0,0.0,0.0,0.0," 3,043,000 "
35,36,V26-0760,2023-07-14,DRYU9703630,0,2023-07-11,0.0,1,XUAT,Giay,28,0 days 18:00:00,DONG KET HOP,CANG TAN THUAN,GND,THAO,HAFT,0.0," 3,082,000 ",0,0,0.0,0.0,0.0," 3,082,000 "
36,37,V28-0602,2023-07-14,DRYU9704071,VFC385195,2023-07-11,0.0,1,XUAT,Giay,28,0 days 18:00:00,DONG KET HOP,CANG BEN NGHE,GND,THAO,HAFT,0.0," 3,082,000 ",0,0,0.0,0.0,0.0," 3,082,000 "
37,38,V28-0601,2023-07-11,DRYU9677546,VFC391934,2023-07-12,0.0,1,NHAP,Dau Nhon Noev,0,0 days 08:00:00,CANG BEN NGHE,CANG BEN NGHE,TRANSIN HAN,TU,HAFT,0.0," 3,485,000 ",0,0,0.0,0.0,0.0," 3,485,000 "
38,39,V28-0601,2023-07-11,DRYU9677818,28473438,2023-07-12,0.0,1,NHAP,Vai Vun,16,0 days 07:00:00,CANG BEN NGHE,CANG BEN NGHE,GND,QUYNH,HAFT,0.0," 2,746,000 ",0,0,0.0,0.0,0.0," 2,746,000 "
39,40,V26-0760,2023-07-14,DRYU9119185,Vsico19391007,2023-07-12,0.0,1,XUAT,Giay,28,0 days 18:00:00,RONG HAFT,CANG TAN THUAN,GND,THAO,HAFT,0.0," 3,082,000 ",0,0,0.0,0.0,0.0," 3,082,000 "
40,43,MVN-0680,2023-07-18,SEKU5593448,AC-273938,2023-07-15,0.0,1,XUAT,Nuoc Ngot,0,0 days 00:00:00,CANG BEN NGHE,CANG BEN NGHE,GND DA NANG,NGUYEN,HAFT,0.0," 1,958,000 ",0,0,0.0,0.0,0.0," 1,958,000 "
41,46,V28-0604,2023-07-20,SEKU5596046,AC-273940,2023-07-17,0.0,1,XUAT,Nuoc Ngot,0,0 days 00:00:00,GREEN LINH TRUNG,CANG LOTUS,GND DA NANG,NGUYEN,HAFT,0.0," 1,958,000 ",0,0,0.0,0.0,0.0," 1,958,000 "
42,47,V28-0604,2023-07-20,DRYU9677079,VMC118743,2023-07-17,0.0,1,XUAT,Nuoc Ngot,0,0 days 00:00:00,DONG KET HOP,CANG LOTUS,GND DA NANG,NGUYEN,HAFT,0.0," 1,958,000 ",0,0,0.0,0.0,0.0," 1,958,000 "
43,48,V26-0759,2023-07-15,TCLU8930357,0,2023-07-18,0.0,1,NHAP,Vai Vun,0,0 days 00:00:00,CANG TAN THUAN,SAMSUNG,GND,QUYNH,HAFT,0.0," 2,746,000 ",0,0,0.0,0.0,0.0," 2,746,000 "
44,49,V28-0601,2023-07-10,TCNU7085849,28838545,2023-07-18,0.0,1,NHAP,Soi,0,0 days 00:00:00,CANG BEN NGHE,TRA - DONG KET HOP,GND,HIEN,HAFT,0.0," 2,746,000 ",0,0,0.0,0.0,0.0," 2,746,000 "
45,50,V28-0604,2023-07-21,TCNU7085849,0,2023-07-18,0.0,1,XUAT,Giay,0,0 days 00:00:00,DONG KET HOP,CANG LOTUS,GND,THAO,HAFT,0.0," 3,082,000 ",0,0,0.0,0.0,0.0," 3,082,000 "
46,51,V28-0604,2023-07-21,DRYU9056723,0,2023-07-18,0.0,1,XUAT,Giay,0,0 days 00:00:00,RONG HAFT,CANG LOTUS,GND,THAO,HAFT,0.0," 3,082,000 ",0,0,0.0,0.0,0.0," 3,082,000 "
47,52,MVN-0679,2023-07-18,DRYU9352561,28738822,2023-07-19,0.0,1,NHAP,Vai Vun,0,0 days 00:00:00,CANG BEN NGHE,DEPOT VINALINK,GND,QUYNH,HAFT,0.0," 2,746,000 ",0,0,0.0,0.0,0.0," 2,746,000 "
48,54,V28-0604,2023-07-21,DRYU9705057,0,2023-07-19,0.0,1,XUAT,Giay,0,0 days 00:00:00,RONG HAFT,CANG LOTUS,GND,THAO,HAFT,0.0," 3,082,000 ",0,0,0.0,0.0,0.0," 3,082,000 "
49,55,V28-0604,2023-07-21,FCIU7549440,0,2023-07-19,0.0,1,XUAT,Giay,0,0 days 00:00:00,RONG HAFT,CANG LOTUS,GND,THAO,HAFT,0.0," 3,082,000 ",0,0,0.0,0.0,0.0," 3,082,000 "
50,56,V28-0604,2023-07-21,GAOU6102171,741554,2023-07-19,0.0,1,XUAT,Giay,0,0 days 00:00:00,DONG KET HOP,CANG LOTUS,GND,THAO,HAFT,0.0," 3,082,000 ",0,0,0.0,0.0,0.0," 3,082,000 "
51,57,MVN-0679,2023-07-17,DRYU9678389,28902724,2023-07-20,0.0,1,NHAP,Sua,0,0 days 00:00:00,CANG BEN NGHE,DEPOT VINALINK,GND,OANH,HAFT,0.0," 2,314,000 ",0,0,0.0,0.0,0.0," 2,314,000 "
52,58,MVN-0679,2023-07-17,DRYU9677593,28902618,2023-07-20,0.0,1,NHAP,Sua,0,0 days 00:00:00,CANG BEN NGHE,TRA - DONG KET HOP,GND,OANH,HAFT,0.0," 2,314,000 ",0,0,0.0,0.0,0.0," 2,314,000 "
53,59,V28-0604,2023-07-21,DRYU9677593,0,2023-07-20,0.0,1,XUAT,Giay,0,0 days 00:00:00,DONG KET HOP,CANG LOTUS,GND,THAO,HAFT,0.0," 3,082,000 ",0,0,0.0,0.0,0.0," 3,082,000 "
54,60,V26-0762,2023-07-23,DRYU9677248,725753,2023-07-21,0.0,1,XUAT,Giay Cuon,0,0 days 00:00:00,RONG HAFT,CANG TAN THUAN,GND,HAU,HAFT,0.0," 3,540,000 ",0,0,0.0,0.0,0.0," 3,540,000 "
55,61,V26-0762,2023-07-23,TCNU4826697,727265,2023-07-21,0.0,1,XUAT,Giay Cuon,0,0 days 00:00:00,RONG HAFT,CANG TAN THUAN,GND,HAU,HAFT,0.0," 3,540,000 ",0,0,0.0,0.0,0.0," 3,540,000 "
56,62,V26-0762,2023-07-23,SEKU5581508,749537,2023-07-21,0.0,1,XUAT,Dien Tu,0,0 days 00:00:00,CANG BEN NGHE,CANG TAN THUAN,GND,QUYNH,HAFT,0.0," 2,362,000 ",0,0,0.0,0.0,0.0," 2,362,000 "
57,63,MVN-0682,2023-07-26,SEKU5579769,748127,2023-07-21,0.0,1,XUAT,Dien Tu,0,0 days 00:00:00,CANG BEN NGHE,CANG BEN NGHE,GND,QUYNH,HAFT,0.0," 2,362,000 ",0,0,0.0,0.0,0.0," 2,362,000 "
58,64,V26-0762,2023-07-23,DRYU9589677,747291,2023-07-21,0.0,1,XUAT,Dien Tu,0,0 days 00:00:00,RONG HAFT,CANG TAN THUAN,GND,QUYNH,HAFT,0.0," 2,362,000 ",0,0,0.0,0.0,0.0," 2,362,000 "
59,65,V26-0762,2023-07-23,DRYU9049426,740542,2023-07-21,0.0,1,XUAT,Linh Kien,0,0 days 00:00:00,RONG HAFT,CANG TAN THUAN,GND,QUYNH,HAFT,0.0," 3,082,000 ",0,0,0.0,0.0,0.0," 3,082,000 "
60,66,MVN-0682,2023-07-26,GAOU6101792,VFC294374,2023-07-22,0.0,1,XUAT,Khay Xop,0,0 days 00:00:00,RONG HAFT,CANG BEN NGHE,GND,HAU,HAFT,0.0," 3,437,000 ",0,0,0.0,0.0,0.0," 3,437,000 "
61,67,V28-0603,2023-07-20,FCIU7547290,4026,2023-07-22,0.0,N,NHAP,Vai Vun,0,0 days 00:00:00,CANG LOTUS,TRA - DONG KET HOP,GND,QUYNH,HAFT,0.0," 2,746,000 ",0,0,0.0,0.0,0.0," 2,746,000 "
62,68,MVN-0682,2023-07-26,FCIU7547290,0,2023-07-22,0.0,1,XUAT,Vai,0,0 days 00:00:00,DONG KET HOP,CANG BEN NGHE,GND,QUYNH,HAFT,0.0," 2,746,000 ",0,0,0.0,0.0,0.0," 2,746,000 "
63,69,MVN-0682,2023-07-26,DRYU9703650,748130,2023-07-22,0.0,1,XUAT,Linh Kien,0,0 days 00:00:00,CANG BEN NGHE,CANG BEN NGHE,GND,QUYNH,HAFT,0.0," 3,082,000 ",0,0,0.0,0.0,0.0," 3,082,000 "
64,71,V26-0758,2023-07-06,GAOU6101935,AC-264849,2023-07-04,0.0,1,XUAT,Giay,28,0 days 18:00:00,GREEN LINH TRUNG,CANG TAN THUAN,GND,THAO,TRANSIN,0.0," 3,120,000 ",0,0,0.0,0.0,0.0," 3,120,000 "
65,72,V26-0758,2023-07-06,FCIU7549374,AC-264844,2023-07-04,0.0,1,XUAT,Giay,28,0 days 18:00:00,GREEN LINH TRUNG,CANG TAN THUAN,GND,THAO,TRANSIN,0.0," 3,120,000 ",0,0,0.0,0.0,0.0," 3,120,000 "
66,73,V26-0758,2023-07-06,FCIU7549327,AC-280233,2023-07-04,0.0,1,XUAT,Giay,28,0 days 18:00:00,GREEN LINH TRUNG,CANG TAN THUAN,GND,THAO,TRANSIN,0.0," 3,120,000 ",0,0,0.0,0.0,0.0," 3,120,000 "
67,74,MVN-0675,2023-06-29,SEKU6304160,0,2023-07-07,0.0,1,NHAP,Thiet Bi Y Te,23,0 days 08:00:00,CANG BEN NGHE,CANG TAN THUAN,GND,QUYNH,TRANSIN,0.0," 2,800,000 ",0,0,0.0,0.0,0.0," 2,800,000 "
68,75,V26-0757,2023-07-06,DRYU9678368,0,2023-07-07,0.0,1,NHAP,Mi Tom,17,0 days 10:00:00,CANG TAN THUAN,GREEN LINH TRUNG,GND,QUYNH,TRANSIN,0.0," 2,600,000 ",0,0,0.0,0.0,0.0," 2,600,000 "
69,76,V26-0757,2023-07-06,DRYU9704934,A28846432,2023-07-07,0.0,1,NHAP,Mi Tom,17,0 days 11:00:00,CANG TAN THUAN,GREEN LINH TRUNG,GND,QUYNH,TRANSIN,0.0," 2,600,000 ",0,0,0.0,0.0,0.0," 2,600,000 "
70,77,V26-0757,2023-07-06,TCLU8930315,0,2023-07-07,0.0,1,NHAP,Vai Vun,18,0 days 07:00:00,CANG TAN THUAN,GREEN LINH TRUNG,GND,QUYNH,TRANSIN,0.0," 3,000,000 ",0,0,0.0,0.0,0.0," 3,000,000 "
71,78,V26-0757,2023-07-06,DRYU9589722,0,2023-07-08,0.0,1,NHAP,Mi Tom,17,0 days 13:00:00,CANG TAN THUAN,GREEN LINH TRUNG,GND,QUYNH,TRANSIN,0.0," 2,600,000 ",0,0,0.0,0.0,0.0," 2,600,000 "
72,79,V26-0757,2023-07-06,DRYU9705020,0,2023-07-10,0.0,1,NHAP,Mi Tom,15 TAN,0 days 13:00:00,CANG TAN THUAN,TRA - DONG KET HOP,GND,QUYNH,TRANSIN,0.0," 2,080,000 ",0,0,0.0,0.0,0.0," 2,080,000 "
73,80,MVN-0677,2023-07-08,TCNU6650307,0,2023-07-10,0.0,1,NHAP,Vai Vun,17 TAN,0 days 07:00:00,CANG BEN NGHE,GREEN LINH TRUNG,GND,QUYNH,TRANSIN,0.0," 3,000,000 ",0,0,0.0,0.0,0.0," 3,000,000 "
74,81,MVN-0677,2023-07-08,DRYU9978940,0,2023-07-10,0.0,1,NHAP,Mi Tom,15 TAN,0 days 10:00:00,CANG BEN NGHE,TRA - DONG KET HOP,GND,QUYNH,TRANSIN,0.0," 2,080,000 ",0,0,0.0,0.0,0.0," 2,080,000 "
75,82,MVN-0677,2023-07-08,TCLU8930655,0,2023-07-10,0.0,1,NHAP,Mi Tom,15 TAN,0 days 10:00:00,CANG BEN NGHE,TRA - DONG KET HOP,GND,QUYNH,TRANSIN,0.0," 2,080,000 ",0,0,0.0,0.0,0.0," 2,080,000 "
76,83,V28-0602,2023-07-12,DRYU9163640,P2223847,2023-07-10,0.0,1,XUAT,Giay,28T,0 days 18:00:00,CANG TAN THUAN,CANG BEN NGHE,GND,THAO,TRANSIN,0.0," 3,120,000 ",0,0,0.0,0.0,0.0," 3,120,000 "
77,84,V28-0602,2023-07-12,TCLU8930655,P2217806,2023-07-10,0.0,1,XUAT,Giay,28T,0 days 18:00:00,DONG KET HOP,CANG BEN NGHE,GND,THAO,TRANSIN,0.0," 3,120,000 ",0,0,0.0,0.0,0.0," 3,120,000 "
78,85,V28-0602,2023-07-12,DRYU9978940,VFC286014,2023-07-10,0.0,1,XUAT,Giay,28T,0 days 18:00:00,DONG KET HOP,CANG BEN NGHE,GND,THAO,TRANSIN,0.0," 3,120,000 ",0,0,0.0,0.0,0.0," 3,120,000 "
79,86,V28-0602,2023-07-12,DRYU9705020,P2217897,2023-07-11,0.0,1,XUAT,Giay,28T,0 days 18:00:00,DONG KET HOP,CANG BEN NGHE,GND,THAO,TRANSIN,0.0," 3,120,000 ",0,0,0.0,0.0,0.0," 3,120,000 "
80,87,V28-0602,2023-07-12,WFHU5174215,AC-264848,2023-07-11,0.0,1,XUAT,Giay,28T,0 days 18:00:00,CANG TAN THUAN,CANG BEN NGHE,GND,THAO,TRANSIN,0.0," 3,120,000 ",0,0,0.0,0.0,0.0," 3,120,000 "
81,88,V28-0602,2023-07-12,DRYU9097912,286017,2023-07-11,0.0,1,XUAT,Giay,28T,0 days 18:00:00,CANG TAN THUAN,CANG BEN NGHE,GND,THAO,TRANSIN,0.0," 3,120,000 ",0,0,0.0,0.0,0.0," 3,120,000 "
82,89,V28-0602,2023-07-12,DRYU9105176,286015,2023-07-11,0.0,1,XUAT,Giay,28T,0 days 18:00:00,CANG TAN THUAN,CANG BEN NGHE,GND,THAO,TRANSIN,0.0," 3,120,000 ",0,0,0.0,0.0,0.0," 3,120,000 "
83,90,V28-0601,2023-07-11,SEKU5593197,28851616,2023-07-12,0.0,1,NHAP,Nap Lon,15,0 days 07:00:00,CANG BEN NGHE,TRA - DONG KET HOP,GND,HIEN,TRANSIN,0.0," 3,800,000 ",0,0,0.0,0.0,0.0," 3,800,000 "
84,91,V28-0601,2023-07-11,TCKU6155320,28869614,2023-07-12,0.0,1,NHAP,Nap Lon,15,0 days 07:00:00,CANG BEN NGHE,TRA - DONG KET HOP,GND,HIEN,TRANSIN,0.0," 3,800,000 ",0,0,0.0,0.0,0.0," 3,800,000 "
85,92,V26-0760,2023-07-14,SEKU5593197,P2217878,2023-07-12,0.0,1,XUAT,Giay,28T,0 days 18:00:00,DONG KET HOP,CANG TAN THUAN,GND,THAO,TRANSIN,0.0," 3,120,000 ",0,0,0.0,0.0,0.0," 3,120,000 "
86,93,V26-0760,2023-07-14,TCKU6155320,P2217879,2023-07-12,0.0,1,XUAT,Giay,28T,0 days 18:00:00,DONG KET HOP,CANG TAN THUAN,GND,THAO,TRANSIN,0.0," 3,120,000 ",0,0,0.0,0.0,0.0," 3,120,000 "
87,94,MVN-0677,2023-07-10,GAOU6102633,0,2023-07-13,0.0,1,NHAP,Gia Dung,15,0 days 07:00:00,CANG BEN NGHE,CANG TAN THUAN,GND,HIEN,TRANSIN,0.0," 2,900,000 ",0,0,0.0,0.0,0.0," 2,900,000 "
88,95,V28-0601,2023-07-11,GAOU6106156,006166/28473439,2023-07-13,0.0,1,NHAP,Sua,29,0 days 09:00:00,CANG BEN NGHE,TRA - DONG KET HOP TAI CHO,GND,OANH,TRANSIN,0.0," 2,600,000 ",0,0,0.0,0.0,0.0," 2,600,000 "
89,96,V26-0760,2023-07-15,GAOU6106156,0,2023-07-13,0.0,1,XUAT,Sua,29,0 days 14:00:00,DONG KET HOP TAI CHO,CANG TAN THUAN,GND,OANH,TRANSIN,0.0," 2,600,000 ",0,0,0.0,0.0,0.0," 2,600,000 "
90,97,V26-0760,2023-07-15,TCLU8930444,P2223831,2023-07-13,0.0,1,XUAT,Sua,0,0 days 00:00:00,CANG TAN THUAN,CANG TAN THUAN,GND,OANH,TRANSIN,0.0," 2,600,000 ",0,0,0.0,0.0,0.0," 2,600,000 "
91,98,MVN-0680,2023-07-18,GAOU6102633,P2217882,2023-07-13,0.0,1,XUAT,Bong,0,0 days 00:00:00,0,CANG BEN NGHE,GND,QUYNH,TRANSIN,0.0," 6,710,000 ",0,0,0.0,0.0,0.0," 6,710,000 "
92,99,MVN-0680,2023-07-18,DRYU9062979,1/21/2683,2023-07-14,0.0,1,XUAT,Vo Xe,0,0 days 00:00:00,CANG TAN THUAN,CANG BEN NGHE,GND,QUYNH,TRANSIN,0.0," 3,500,000 ",0,0,0.0,0.0,0.0," 3,500,000 "
93,100,V26-0759,2023-07-14,WFHU5179578,390141,2023-07-15,0.0,1,NHAP,Mi Tom,0,0 days 00:00:00,CANG TAN THUAN,TRA - DONG KET HOP,GND,QUYNH,TRANSIN,0.0," 2,600,000 ",0,0,0.0,0.0,0.0," 2,600,000 "
94,101,V26-0759,2023-07-14,DRYU9020931,28902626,2023-07-15,0.0,1,NHAP,Mi Tom,0,0 days 00:00:00,CANG TAN THUAN,TRA - DONG KET HOP,GND,QUYNH,TRANSIN,0.0," 2,600,000 ",0,0,0.0,0.0,0.0," 2,600,000 "
95,102,V26-0759,2023-07-14,DRYU9677485,28902709,2023-07-15,0.0,1,NHAP,Vai Vun,0,0 days 00:00:00,CANG TAN THUAN,TRA - DONG KET HOP,GND,QUYNH,TRANSIN,0.0," 3,000,000 ",0,0,0.0,0.0,0.0," 3,000,000 "
96,103,V26-0759,2023-07-14,TCNU4513603 ,28851630,2023-07-15,0.0,1,NHAP,Dien Tu,0,0 days 00:00:00,CANG TAN THUAN,TRA - DONG KET HOP,GND,HAU,TRANSIN,0.0," 2,600,000 ",0,0,0.0,0.0,0.0," 2,600,000 "
97,104,MVN-0680,2023-07-18,DRYU9704256,P2223842,2023-07-15,0.0,1,XUAT,Giay,0,0 days 00:00:00,GREEN LINH TRUNG,CANG BEN NGHE,GND,THAO,TRANSIN,0.0," 3,120,000 ",0,0,0.0,0.0,0.0," 3,120,000 "
98,105,MVN-0680,2023-07-18,DFSU6849529,VMC081324,2023-07-15,0.0,1,XUAT,Giay,0,0 days 00:00:00,GREEN LINH TRUNG,CANG BEN NGHE,GND,THAO,TRANSIN,0.0," 3,120,000 ",0,0,0.0,0.0,0.0," 3,120,000 "
99,106,MVN-0680,2023-07-18,DRYU9704934,P2217895,2023-07-15,0.0,1,XUAT,Giay,0,0 days 00:00:00,CANG TAN THUAN,CANG BEN NGHE,GND,THAO,TRANSIN,0.0," 3,120,000 ",0,0,0.0,0.0,0.0," 3,120,000 "
100,107,MVN-0680,2023-07-18,DRYU9677485,NH-33020,2023-07-15,0.0,1,XUAT,Giay,0,0 days 00:00:00,DONG KET HOP,CANG BEN NGHE,GND,THAO,TRANSIN,0.0," 3,120,000 ",0,0,0.0,0.0,0.0," 3,120,000 "
101,108,MVN-0680,2023-07-18,WFHU5179578,NH-1944,2023-07-15,0.0,1,XUAT,Giay,0,0 days 00:00:00,DONG KET HOP,CANG BEN NGHE,GND,THAO,TRANSIN,0.0," 3,120,000 ",0,0,0.0,0.0,0.0," 3,120,000 "
102,109,MVN-0680,2023-07-18,TCNU4513603,NH-07876,2023-07-15,0.0,1,XUAT,Giay,0,0 days 00:00:00,DONG KET HOP,CANG BEN NGHE,GND,THAO,TRANSIN,0.0," 3,120,000 ",0,0,0.0,0.0,0.0," 3,120,000 "
103,110,MVN-0680,2023-07-18,DRYU9020931,NH-2590,2023-07-15,0.0,1,XUAT,Giay,0,0 days 00:00:00,DONG KET HOP,CANG BEN NGHE,GND,THAO,TRANSIN,0.0," 3,120,000 ",0,0,0.0,0.0,0.0," 3,120,000 "
104,111,V26-0759,2023-07-15,DFSU7361713,3884480,2023-07-17,0.0,1,NHAP,Vai Vun,0,0 days 00:00:00,CANG TAN THUAN,TRA - DONG KET HOP,GND,QUYNH,TRANSIN,0.0," 3,000,000 ",0,0,0.0,0.0,0.0," 3,000,000 "
105,112,V26-0759,2023-07-14,DRYU9703898,390148,2023-07-17,0.0,1,NHAP,Sua,0,0 days 00:00:00,CANG TAN THUAN,TRA - DONG KET HOP,GND,OANH,TRANSIN,0.0," 2,600,000 ",0,0,0.0,0.0,0.0," 2,600,000 "
106,113,MVN-0680,2023-07-18,SEKU5579856,AC-280189,2023-07-17,0.0,1,XUAT,Dien Tu,0,0 days 00:00:00,CANG LOTUS,CANG BEN NGHE,GND,QUYNH,TRANSIN,0.0," 2,600,000 ",0,0,0.0,0.0,0.0," 2,600,000 "
107,114,MVN-0680,2023-07-18,DRYU9703619,286076,2023-07-17,0.0,1,XUAT,Dien Tu,0,0 days 00:00:00,CANG LOTUS,CANG BEN NGHE,GND,QUYNH,TRANSIN,0.0," 2,600,000 ",0,0,0.0,0.0,0.0," 2,600,000 "
108,115,MVN-0680,2023-07-18,DFSU7361713,NH-07362,2023-07-17,0.0,1,XUAT,Dien Tu,0,0 days 00:00:00,DONG KET HOP,CANG BEN NGHE,GND,QUYNH,TRANSIN,0.0," 2,600,000 ",0,0,0.0,0.0,0.0," 2,600,000 "
109,116,MVN-0680,2023-07-18,DRYU9703898,AC-280222,2023-07-17,0.0,1,XUAT,Dien Tu,0,0 days 00:00:00,DONG KET HOP,CANG BEN NGHE,GND,QUYNH,TRANSIN,0.0," 2,600,000 ",0,0,0.0,0.0,0.0," 2,600,000 "
110,117,V28-0604,2023-07-21,SEKU5595630,NH-07892,2023-07-19,0.0,1,XUAT,Sua,0,0 days 00:00:00,GREEN LINH TRUNG,CANG LOTUS,GND,OANH,TRANSIN,0.0," 2,600,000 ",0,0,0.0,0.0,0.0," 2,600,000 "
111,118,V28-0603,2023-07-20,DRYU9705000,386912,2023-07-20,0.0,1,NHAP,Mi Tom,0,0 days 00:00:00,CANG LOTUS,TRA - DONG KET HOP,GND,QUYNH,TRANSIN,0.0," 2,600,000 ",0,0,0.0,0.0,0.0," 2,600,000 "
112,119,V28-0603,2023-07-20,DRYU9349892,28838928,2023-07-20,0.0,1,NHAP,Mi Tom,0,0 days 00:00:00,CANG LOTUS,TRA - DONG KET HOP,GND,QUYNH,TRANSIN,0.0," 2,600,000 ",0,0,0.0,0.0,0.0," 2,600,000 "
113,120,V28-0603,2023-07-20,TCLU8930212,735936,2023-07-20,0.0,1,NHAP,Mi Tom,0,0 days 00:00:00,CANG LOTUS,TRA - DONG KET HOP,GND,QUYNH,TRANSIN,0.0," 2,600,000 ",0,0,0.0,0.0,0.0," 2,600,000 "
114,121,V28-0603,2023-07-20,TCLU8930320,45088,2023-07-20,0.0,1,NHAP,Mi Tom,0,0 days 00:00:00,CANG LOTUS,TRA - DONG KET HOP,GND,QUYNH,TRANSIN,0.0," 2,600,000 ",0,0,0.0,0.0,0.0," 2,600,000 "
115,122,MVN-0679,2023-07-18,FCIU7549327 ,28873928,2023-07-20,0.0,1,NHAP,Vai Vun,0,0 days 00:00:00,CANG BEN NGHE,TRA - DONG KET HOP,GND,QUYNH,TRANSIN,0.0," 3,000,000 ",0,0,0.0,0.0,0.0," 3,000,000 "
116,123,V26-0762,2023-07-23,DRYU9705000,AC-280184,2023-07-20,0.0,1,XUAT,Hang Soi + Nhua,0,0 days 00:00:00,DONG KET HOP,CANG TAN THUAN,GND,HAU,TRANSIN,0.0," 3,000,000 ",0,0,0.0,0.0,0.0," 3,000,000 "
117,124,V26-0762,2023-07-23,DRYU9349892,0,2023-07-20,0.0,1,XUAT,Noi That,0,0 days 00:00:00,DONG KET HOP,CANG TAN THUAN,GND,QUYNH,TRANSIN,0.0," 2,800,000 ",0,0,0.0,0.0,0.0," 2,800,000 "
118,125,MVN-0682,2023-07-26,FCIU7549327,NH-42607,2023-07-21,0.0,1,XUAT,Nhom Phe,0,0 days 00:00:00,DONG KET HOP,CANG BEN NGHE,GND,HIEN,TRANSIN,0.0," 5,800,000 ",0,0,0.0,0.0,0.0," 5,800,000 "
119,126,V26-0762,2023-07-23,TCLU8930320,P2217877,2023-07-21,0.0,1,XUAT,Giay,0,0 days 00:00:00,DONG KET HOP,CANG TAN THUAN,GND,THAO,TRANSIN,0.0," 3,120,000 ",0,0,0.0,0.0,0.0," 3,120,000 "
120,127,V26-0762,2023-07-23,TCLU8930212,P2217828,2023-07-21,0.0,1,XUAT,Giay,0,0 days 00:00:00,DONG KET HOP,CANG TAN THUAN,GND,THAO,TRANSIN,0.0," 3,120,000 ",0,0,0.0,0.0,0.0," 3,120,000 "
121,128,V26-0762,2023-07-23,GAOU6290588,286004,2023-07-22,0.0,1,XUAT,Nem,0,0 days 00:00:00,CANG BEN NGHE,CANG TAN THUAN,GND,TAI,TRANSIN,0.0," 2,800,000 ",0,0,0.0,0.0,0.0," 2,800,000 "
122,130,V28-0600,2023-07-04,TCLU6504115,TD0446,2023-07-01,0.0,1,XUAT,Ong Nhua,28,0 days 08:00:00,DEPOT VINAFCO,CANG LOTUS,GND,HAU,TI?N ??T,0.0," 2,800,000 ",0,0,0.0,0.0,0.0," 2,800,000 "
123,131,V26-0758,2023-07-06,DRYU9097851,TD0443,2023-07-04,0.0,1,XUAT,Giay,28,0 days 18:00:00,CANG BEN NGHE,CANG TAN THUAN,GND,THAO,TI?N ??T,0.0," 3,120,000 "," 100,000 ",0,0.0,0.0,0.0," 3,220,000 "
124,132,V26-0758,2023-07-06,DRYU9704045,TD0479,2023-07-04,0.0,1,XUAT,Giay,28,0 days 18:00:00,CANG BEN NGHE,CANG TAN THUAN,GND,THAO,TI?N ??T,0.0," 3,120,000 "," 100,000 ",0,0.0,0.0,0.0," 3,220,000 "
125,133,V26-0758,2023-07-06,DRYU9678305,TD0366,2023-07-04,0.0,1,XUAT,Giay,28,0 days 18:00:00,CANG BEN NGHE,CANG TAN THUAN,GND,THAO,TI?N ??T,0.0," 3,120,000 "," 100,000 ",0,0.0,0.0,0.0," 3,220,000 "
126,134,V26-0758,2023-07-06,DRYU9022934,TD0405,2023-07-05,0.0,1,XUAT,Nuoc Ngot,28,0 days 13:00:00,DEPOT VINAFCO,CANG TAN THUAN,GND,NGUYEN,TI?N ??T,0.0," 2,246,000 ",0,0,0.0,0.0,0.0," 2,246,000 "
127,135,V26-0758,2023-07-06,DRYU9677063,TD0401,2023-07-05,0.0,1,XUAT,Ac Quy,29,0 days 13:00:00,CANG BEN NGHE,CANG TAN THUAN,GND,OANH,TI?N ??T,0.0," 2,500,000 ",0,0,0.0,0.0,0.0," 2,500,000 "
128,136,V26-0758,2023-07-06,TCNU8418902,TD0403,2023-07-05,0.0,1,XUAT,Tank Keo,28,0 days 19:00:00,CANG BEN NGHE,CANG TAN THUAN,GND,NGUYEN,TI?N ??T,0.0," 2,700,000 ",0,0,0.0,0.0,0.0,0
129,137,V26-0758,2023-07-06,DRYU9677248,TD0314,2023-07-05,0.0,1,XUAT,Tank Keo,28,0 days 20:00:00,CANG BEN NGHE,CANG TAN THUAN,GND,NGUYEN,TI?N ??T,0.0," 2,700,000 ",0,0,0.0,0.0,0.0," 2,700,000 "
130,138,MVN-0678,2023-07-08,DRYU9678305,TD0367,2023-07-06,0.0,1,XUAT,Giay,28,0 days 07:00:00,DEPOT VINAFCO,CANG BEN NGHE,GND,THAO,TI?N ??T,0.0," 3,120,000 "," 100,000 ",0,0.0,0.0,0.0," 3,220,000 "
131,139,MVN-0678,2023-07-08,DRYU9035839,TD0330,2023-07-06,0.0,1,XUAT,Giay,28,0 days 07:00:00,DEPOT VINAFCO,CANG BEN NGHE,GND,THAO,TI?N ??T,0.0," 3,120,000 "," 100,000 ",0,0.0,0.0,0.0," 3,220,000 "
132,140,MVN-0678,2023-07-08,DRYU9670876,TD0315,2023-07-06,0.0,1,XUAT,Giay,28,0 days 07:00:00,DEPOT VINAFCO,CANG BEN NGHE,GND,THAO,TI?N ??T,0.0," 3,120,000 "," 100,000 ",0,0.0,0.0,0.0," 3,220,000 "
133,141,MVN-0678,2023-07-08,DRYU9678537,TD0476,2023-07-06,0.0,1,XUAT,Giay,28,0 days 07:00:00,DEPOT VINAFCO,CANG BEN NGHE,GND,THAO,TI?N ??T,0.0," 3,120,000 "," 100,000 ",0,0.0,0.0,0.0," 3,220,000 "
134,142,MVN-0678,2023-07-08,DRYU9317684,TD0449,2023-07-06,0.0,1,XUAT,Giay,28,0 days 07:00:00,DEPOT VINAFCO,CANG BEN NGHE,GND,THAO,TI?N ??T,0.0," 3,120,000 "," 100,000 ",0,0.0,0.0,0.0," 3,220,000 "
135,143,MVN-0678,2023-07-08,DRYU9659537,TD0697,2023-07-06,0.0,1,XUAT,Giay,28,0 days 07:00:00,DEPOT VINAFCO,CANG BEN NGHE,GND,THAO,TI?N ??T,0.0," 3,120,000 "," 100,000 ",0,0.0,0.0,0.0," 3,220,000 "
136,144,MVN-0678,2023-07-08,DRYU9480475,TD0710,2023-07-06,0.0,1,XUAT,Giay,28,0 days 07:00:00,DEPOT VINAFCO,CANG BEN NGHE,GND,THAO,TI?N ??T,0.0," 3,120,000 "," 100,000 ",0,0.0,0.0,0.0," 3,220,000 "
137,145,MVN-0678,2023-07-08,GAOU6102037,VMC112663,2023-07-06,0.0,1,XUAT,Giay,28,0 days 07:00:00,DEPOT VINAFCO,CANG BEN NGHE,GND,THAO,TI?N ??T,0.0," 3,120,000 "," 100,000 ",0,0.0,0.0,0.0," 3,220,000 "
138,146,MVN-0678,2023-07-08,DRYU9705334,TD0313,2023-07-06,0.0,1,XUAT,Giay,28,0 days 07:00:00,DEPOT VINAFCO,CANG BEN NGHE,GND,THAO,TI?N ??T,0.0," 3,120,000 "," 100,000 ",0,0.0,0.0,0.0," 3,220,000 "
139,147,MVN-0678,2023-07-08,GAOU6102470,TD0386,2023-07-06,0.0,1,XUAT,Giay,28,0 days 07:00:00,DEPOT VINAFCO,CANG BEN NGHE,GND,THAO,TI?N ??T,0.0," 3,120,000 "," 100,000 ",0,0.0,0.0,0.0," 3,220,000 "
140,148,V26-0757,2023-07-05,DRYU9678157,0,2023-07-10,0.0,1,NHAP,Sua,SUA,0 days 06:00:00,CANG TAN THUAN,TRA - DONG KET HOP,GND,OANH,TI?N ??T,0.0," 2,000,000 ",0,0,0.0,0.0,0.0," 2,000,000 "
141,149,MVN-0677,2023-07-08,FCIU7549332,0,2023-07-10,0.0,1,NHAP,Nhua,28,0 days 06:00:00,CANG BEN NGHE,TRA - DONG KET HOP,GND,HIEN,TI?N ??T,0.0," 2,000,000 ",0,0,0.0,0.0,0.0," 2,000,000 "
142,150,V28-0602,2023-07-12,FCIU7549332,TD0471,2023-07-10,0.0,1,XUAT,Giay,28T,0 days 18:00:00,DONG KET HOP,CANG BEN NGHE,GND,THAO,TI?N ??T,0.0," 3,120,000 "," 100,000 ",0,0.0,0.0,0.0," 3,220,000 "
143,151,V28-0602,2023-07-12,DRYU9678157,TD0390,2023-07-10,0.0,1,XUAT,Giay,28T,0 days 18:00:00,DONG KET HOP,CANG BEN NGHE,GND,THAO,TI?N ??T,0.0," 3,120,000 "," 100,000 ",0,0.0,0.0,0.0," 3,220,000 "
144,152,V28-0602,2023-07-12,DRYU9588515,TD0453,2023-07-11,0.0,1,XUAT,Giay,28T,0 days 18:00:00,CANG TAN THUAN,CANG BEN NGHE,GND,THAO,TI?N ??T,0.0," 3,120,000 ",0,0,0.0,0.0,0.0," 3,120,000 "
145,153,V28-0602,2023-07-12,TCLU5728403,TD0321,2023-07-11,0.0,1,XUAT,Giay,28T,0 days 18:00:00,CANG TAN THUAN,CANG BEN NGHE,GND,THAO,TI?N ??T,0.0," 3,120,000 ",0,0,0.0,0.0,0.0," 3,120,000 "
146,154,V28-0602,2023-07-12,TCNU6322191,TD0737,2023-07-11,0.0,1,XUAT,Giay,28T,0 days 18:00:00,CANG TAN THUAN,CANG BEN NGHE,GND,THAO,TI?N ??T,0.0," 3,120,000 ",0,0,0.0,0.0,0.0," 3,120,000 "
147,155,V28-0602,2023-07-12,DRYU9677206,TD0376,2023-07-11,0.0,1,XUAT,Giay,28T,0 days 18:00:00,CANG TAN THUAN,CANG BEN NGHE,GND,THAO,TI?N ??T,0.0," 3,120,000 ",0,0,0.0,0.0,0.0," 3,120,000 "
148,156,V28-0602,2023-07-12,DRYU9677206,TD0452,2023-07-11,0.0,1,XUAT,Giay,28T,0 days 18:00:00,CANG TAN THUAN,CANG BEN NGHE,GND,THAO,TI?N ??T,0.0," 3,120,000 ",0,0,0.0,0.0,0.0," 3,120,000 "
149,157,V28-0602,2023-07-12,DRYU9705144,TD0451,2023-07-11,0.0,1,XUAT,Giay,28T,0 days 18:00:00,CANG TAN THUAN,CANG BEN NGHE,GND,THAO,TI?N ??T,0.0," 3,120,000 ",0,0,0.0,0.0,0.0," 3,120,000 "
150,158,V28-0602,2023-07-12,DRYU9704425,TD0322,2023-07-11,0.0,1,XUAT,Giay,28T,0 days 18:00:00,CANG TAN THUAN,CANG BEN NGHE,GND,THAO,TI?N ??T,0.0," 3,120,000 ",0,0,0.0,0.0,0.0," 3,120,000 "
151,159,V28-0602,2023-07-12,WFHU5194295,VMC114111,2023-07-11,0.0,1,XUAT,Giay,28T,0 days 18:00:00,CANG TAN THUAN,CANG BEN NGHE,GND,THAO,TI?N ??T,0.0," 3,120,000 ",0,0,0.0,0.0,0.0," 3,120,000 "
152,160,V26-0760,2023-07-14,DRYU9705015,TD0339,2023-07-11,0.0,1,XUAT,Ac Quy,29,0 days 08:00:00,CANG TAN THUAN,CANG TAN THUAN,GND,OANH,TI?N ??T,0.0," 2,500,000 ",0,0,0.0,0.0,0.0," 2,500,000 "
153,161,V26-0760,2023-07-14,DRYU9677696,TD034,2023-07-11,0.0,1,XUAT,Giay,28T,0 days 18:00:00,CANG BEN NGHE,CANG TAN THUAN,GND,THAO,TI?N ??T,0.0," 3,120,000 ",0,0,0.0,0.0,0.0," 3,120,000 "
154,162,V26-0760,2023-07-14,DRYU9677103,000370,2023-07-12,0.0,1,XUAT,Giay,28T,0 days 18:00:00,CANG BEN NGHE,CANG TAN THUAN,GND,THAO,TI?N ??T,0.0," 3,120,000 ",0,0,0.0,0.0,0.0," 3,120,000 "
155,163,MVN-0680,2023-07-18,FCIU7546457,1301,2023-07-14,0.0,1,XUAT,Nuoc Ngot,0,0 days 00:00:00,CANG BEN NGHE,CANG BEN NGHE,0,NGUYEN,TI?N ??T,0.0," 2,246,000 ",0,0,0.0,0.0,0.0," 2,246,000 "
156,164,V28-0603,2023-07-19,DRYU9705334,2907,2023-07-21,0.0,1,NHAP,Thiet Bi Dien,0,0 days 00:00:00,CANG LOTUS,TRA - DONG KET HOP,GND,THAO,TI?N ??T,0.0," 3,500,000 ",0,0,0.0,0.0,0.0," 3,500,000 "
157,165,V26-0762,2023-07-23,DRYU9705334,TD0368,2023-07-21,0.0,1,XUAT,Giay,0,0 days 00:00:00,DONG KET HOP,CANG TAN THUAN,GND,THAO,TI?N ??T,0.0," 3,120,000 ",0,0,0.0,0.0,0.0,0
158,166,V26-0762,2023-07-23,SEKU5596703,TD0352,2023-07-21,0.0,1,XUAT,Giay,0,0 days 00:00:00,CANG BEN NGHE,CANG TAN THUAN,GND,THAO,TI?N ??T,0.0," 3,120,000 ",0,0,0.0,0.0,0.0,0
159,167,V26-0762,2023-07-23,FCIU7549163,TD0387,2023-07-21,0.0,1,XUAT,Dien Tu,0,0 days 00:00:00,CANG BEN NGHE,CANG TAN THUAN,GND,QUYNH,TI?N ??T,0.0," 2,500,000 ",0,0,0.0,0.0,0.0,0
160,168,MVN-0682,2023-07-26,TCLU8930790,TD0280,2023-07-22,0.0,1,XUAT,Tank Keo,0,0 days 00:00:00,CANG TAN THUAN,CANG BEN NGHE,0,NGUYEN,TI?N ??T,0.0," 2,700,000 ",0,0,0.0,0.0,0.0,0
161,169,MVN-0682,2023-07-26,DRYU9034935,TD0436,2023-07-22,0.0,1,XUAT,Tank Keo,0,0 days 00:00:00,CANG TAN THUAN,CANG BEN NGHE,0,NGUYEN,TI?N ??T,0.0," 2,700,000 ",0,0,0.0,0.0,0.0,0
162,171,V28-0600,2023-07-04,SEKU5593495,V010895,2023-07-03,0.0,1,XUAT,Bao Bi Sua,25,0 days 07:00:00,CANG BEN NGHE,CANG LOTUS,GND,THAO,GTV,0.0," 3,300,000 "," 800,000 ",0,0.0,0.0,0.0," 4,100,000 "
163,172,V28-0600,2023-07-04,FCIU7547290,V010898,2023-07-03,0.0,1,XUAT,Bao Bi Sua,25,0 days 08:00:00,CANG BEN NGHE,CANG LOTUS,GND,THAO,GTV,0.0," 3,300,000 "," 800,000 ",0,0.0,0.0,0.0," 4,100,000 "
164,173,V28-0600,2023-07-04,SEKU5595672,V010899,2023-07-03,0.0,1,XUAT,Bao Bi Sua,25,0 days 09:00:00,CANG BEN NGHE,CANG LOTUS,GND,THAO,GTV,0.0," 3,300,000 "," 800,000 ",0,0.0,0.0,0.0," 4,100,000 "
165,174,V28-0600,2023-07-04,SEKU5593432,V010894,2023-07-03,0.0,1,XUAT,Bao Bi Sua,25,0 days 10:00:00,CANG BEN NGHE,CANG LOTUS,GND,THAO,GTV,0.0," 3,300,000 "," 800,000 ",0,0.0,0.0,0.0," 4,100,000 "
166,175,V26-0758,2023-07-06,TCKU6674259,V011036,2023-07-04,0.0,1,XUAT,Bao Bi Sua,25,0 days 07:00:00,GREEN LINH TRUNG,CANG TAN THUAN,GND,THAO,GTV,0.0," 3,300,000 "," 400,000 ",0,0.0,0.0,0.0," 3,700,000 "
167,176,V26-0758,2023-07-06,GAOU6110407,V010897,2023-07-04,0.0,1,XUAT,Bao Bi Sua,25,0 days 08:00:00,GREEN LINH TRUNG,CANG TAN THUAN,GND,THAO,GTV,0.0," 3,300,000 "," 400,000 ",0,0.0,0.0,0.0," 3,700,000 "
168,177,V26-0758,2023-07-06,GAOU6289041,V010893,2023-07-04,0.0,1,XUAT,Bao Bi Sua,25,0 days 09:00:00,GREEN LINH TRUNG,CANG TAN THUAN,GND,THAO,GTV,0.0," 3,300,000 "," 400,000 ",0,0.0,0.0,0.0," 3,700,000 "
169,178,MVN-0678,2023-07-08,GAOU6111044,A28355733,2023-07-06,0.0,1,XUAT,Bao Bi Sua,25,0 days 10:00:00,CANG TAN THUAN,CANG BEN NGHE,GND,THAO,GTV,0.0," 3,300,000 "," 800,000 ",0,0.0,0.0,0.0," 4,100,000 "
170,179,MVN-0678,2023-07-08,SEKU5596112,V010889,2023-07-07,0.0,1,XUAT,Bao Bi Sua,25,0 days 07:00:00,CANG BEN NGHE,CANG BEN NGHE,GND,THAO,GTV,0.0," 3,300,000 "," 800,000 ",0,0.0,0.0,0.0," 4,100,000 "
171,180,Chuy?n kho,2023-07-08,SEKU5596112,0,2023-07-07,0.0,1,XUAT,Bao Bi Sua,0,0 days 00:00:00,NHA MAY TAI SO 12 VSIP II-A,NHA MAY TAI SO 12 VSIP II-A,GND,THAO,GTV,0.0," 2,400,000 ",0,0,0.0,0.0,0.0," 2,400,000 "
172,181,V26-0760,2023-07-14,FFAU1198700,0093425,2023-07-12,0.0,1,XUAT,Bao Bi Sua,25T,0 days 07:00:00,DEPOT VINAFCO,CANG TAN THUAN,GND,THAO,GTV,0.0," 3,300,000 "," 800,000 ",0,0.0,0.0,0.0," 4,100,000 "
173,182,V26-0760,2023-07-14,RFCU4054124,V010884,2023-07-13,0.0,1,XUAT,Bao Bi Sua,25T,0 days 13:00:00,DEPOT VINAFCO,CANG TAN THUAN,GND,THAO,GTV,0.0," 3,300,000 "," 800,000 ",0,0.0,0.0,0.0," 4,100,000 "
174,183,Chuy?n kho,2023-07-13,RFCU4054124,0,2023-07-13,0.0,1,XUAT,Bao Bi Sua,25T,0 days 07:00:00,NHA MAY TAI SO 12 VSIP II-A,NHA MAY TAI SO 12 VSIP II-A,GND,THAO,GTV,0.0," 2,400,000 ",0," 150,000 ",0.0,0.0,0.0," 2,550,000 "
175,184,MVN-0680,2023-07-18,GAOU6289083,V010888,2023-07-17,0.0,1,XUAT,Bao Bi Sua,0,0 days 00:00:00,CANG BEN NGHE,CANG BEN NGHE,GND,THAO,GTV,0.0," 3,300,000 ",0,0,0.0,0.0,0.0," 3,300,000 "
176,185,MVN-0682,2023-07-26,SEKU5578696,V010882,2023-07-21,0.0,1,XUAT,Bao Bi Sua,0,0 days 00:00:00,CANG BEN NGHE,CANG BEN NGHE,GND,THAO,GTV,0.0," 3,300,000 ",0,0,0.0,0.0,0.0," 3,300,000 "
177,187,MVN-0678,2023-07-08,GAOU6110454,30796,2023-07-05,0.0,1,XUAT,Giay Cuon,28,0 days 13:00:00,CANG BEN NGHE,CANG BEN NGHE,GND,HAU,VP,0.0," 3,540,000 ",0,0,0.0,0.0,0.0," 3,540,000 "
178,188,MVN-0678,2023-07-08,TCLU8930212,30794,2023-07-06,0.0,1,XUAT,Soi,25,0 days 08:00:00,CANG BEN NGHE,CANG BEN NGHE,GND,HIEN,VP,0.0," 3,600,000 ",0,0,0.0,0.0,0.0," 3,600,000 "
179,189,MVN-0678,2023-07-08,TCNU4826697,VFC286047,2023-07-06,0.0,1,XUAT,Giay,28,0 days 07:00:00,CANG BEN NGHE,CANG BEN NGHE,GND,THAO,VP,0.0," 3,120,000 ",0,0,0.0,0.0,0.0," 3,120,000 "
180,190,MVN-0678,2023-07-08,DRYU9349892,VFC286028,2023-07-06,0.0,1,XUAT,Giay,28,0 days 07:00:00,CANG BEN NGHE,CANG BEN NGHE,GND,THAO,VP,0.0," 3,120,000 ",0,0,0.0,0.0,0.0," 3,120,000 "
181,191,MVN-0678,2023-07-08,RFCU4082147,VFC286098,2023-07-06,0.0,1,XUAT,Giay,28,0 days 07:00:00,CANG BEN NGHE,CANG BEN NGHE,GND,THAO,VP,0.0," 3,120,000 ",0,0,0.0,0.0,0.0," 3,120,000 "
182,192,MVN-0678,2023-07-08,TCLU8930320,0908041155,2023-07-06,0.0,1,XUAT,Giay,28,0 days 07:00:00,CANG BEN NGHE,CANG BEN NGHE,GND,THAO,VP,0.0," 3,120,000 ",0,0,0.0,0.0,0.0," 3,120,000 "
183,193,V26-0757,2023-07-06,DRYU9590153,385196,2023-07-07,0.0,1,NHAP,Mi Tom,17,0 days 13:00:00,CANG TAN THUAN,GREEN LINH TRUNG,GND,QUYNH,VP,0.0," 2,500,000 ",0,0,0.0,0.0,0.0," 2,500,000 "
184,194,V26-0757,2023-07-06,DRYU9704805,A28902716,2023-07-07,0.0,1,NHAP,Dien Tu,0,0 days 09:00:00,CANG TAN THUAN,GREEN LINH TRUNG,GND,HAU,VP,0.0," 2,500,000 ",0,0,0.0,0.0,0.0," 2,500,000 "
185,195,V28-0601,2023-07-11,TCLU8930845,VFC391300,2023-07-12,0.0,1,NHAP,Giay Tissue,7T,0 days 08:00:00,CANG BEN NGHE,TRA - DONG KET HOP,GND,HAU,VP,0.0," 3,540,000 ",0,0,0.0,0.0,0.0," 3,540,000 "
186,196,V28-0601,2023-07-11,TCLU8930932,TRANSIN 04024,2023-07-12,0.0,1,NHAP,Giay Tissue,7T,0 days 08:00:00,CANG BEN NGHE,TRA - DONG KET HOP,GND,HAU,VP,0.0," 3,540,000 ",0,0,0.0,0.0,0.0," 3,540,000 "
187,197,V26-0760,2023-07-15,TCLU8930845,VFC286081,2023-07-13,0.0,1,XUAT,Giay Tissue,8T,0 days 08:00:00,DONG KET HOP,CANG TAN THUAN,GND,HAU,VP,0.0," 3,540,000 ",0,0,0.0,0.0,0.0," 3,540,000 "
188,198,V26-0760,2023-07-15,TCLU8930932,VFC286083,2023-07-13,0.0,1,XUAT,Giay Tissue,8T,0 days 08:00:00,DONG KET HOP,CANG TAN THUAN,GND,HAU,VP,0.0," 3,540,000 ",0,0,0.0,0.0,0.0," 3,540,000 "
189,199,V26-0760,2023-07-14,RFCU4052728,VFC286037,2023-07-14,0.0,1,XUAT,Giay Tissue,0,0 days 00:00:00,CANG TAN THUAN,CANG TAN THUAN,GND,HAU,VP,0.0," 3,540,000 ",0,0,0.0,0.0,0.0," 3,540,000 "
190,200,V26-0760,2023-07-14,SEKU5595820,NH-35048,2023-07-14,0.0,1,XUAT,Giay Tissue,0,0 days 00:00:00,CANG TAN THUAN,CANG TAN THUAN,GND,HAU,VP,0.0," 3,540,000 ",0,0,0.0,0.0,0.0," 3,540,000 "
191,202,V26-0759,2023-07-14,DRYU9678347,391837,2023-07-15,0.0,1,NHAP,Mi Tom,0,0 days 00:00:00,CANG TAN THUAN,DEPOT VINALINK,GND,QUYNH,VP,0.0," 2,500,000 ",0,0,0.0,0.0,0.0," 2,500,000 "
192,203,V26-0759,2023-07-14,TCLU6504115,4036,2023-07-15,0.0,1,NHAP,Mi Tom,0,0 days 00:00:00,CANG TAN THUAN,TRA - DONG KET HOP,GND,QUYNH,VP,0.0," 2,500,000 ",0,0,0.0,0.0,0.0," 2,500,000 "
193,204,MVN-0680,2023-07-18,FCIU7549230,0,2023-07-15,0.0,1,XUAT,Sua,0,0 days 00:00:00,GREEN LINH TRUNG,CANG BEN NGHE,GND,OANH,VP,0.0," 2,500,000 ",0,0,0.0,0.0,0.0," 2,500,000 "
194,205,MVN-0680,2023-07-18,TCLU6504115,VFC286048,2023-07-17,0.0,1,XUAT,Khay Nhua,0,0 days 00:00:00,DONG KET HOP,CANG BEN NGHE,GND,HAU,VP,0.0," 6,100,000 ",0,0,0.0,0.0,0.0," 6,100,000 "
195,206,MVN-0679,2023-07-18,DRYU9704301,VFC390069,2023-07-19,0.0,1,NHAP,Nap Lon,0,0 days 00:00:00,CANG BEN NGHE,TRA - DONG KET HOP TAI CHO,GND,HIEN,VP,0.0," 3,540,000 ",0,0,0.0,0.0,0.0," 3,540,000 "
196,207,V28-0604,2023-07-21,DRYU9704301,0,2023-07-19,0.0,1,XUAT,Nhom Phe,0,0 days 00:00:00,DONG KET HOP TAI CHO,CANG LOTUS,GND,HIEN,VP,0.0," 3,540,000 ",0,0,0.0,0.0,0.0," 3,540,000 "
197,208,V28-0604,2023-07-21,DRYU9704528,VFC286084,2023-07-20,0.0,1,XUAT,Nhom Phe,0,0 days 00:00:00,DEPOT VINAFCO,CANG LOTUS,GND,HIEN,VP,0.0," 3,540,000 ",0,0,0.0,0.0,0.0," 3,540,000 "
198,209,MVN-0679,2023-07-18,DRYU9678305,28902733,2023-07-21,0.0,1,NHAP,Vai Vun,0,0 days 00:00:00,CANG BEN NGHE,TRA - DONG KET HOP,GND,QUYNH,VP,0.0," 2,950,000 ",0,0,0.0,0.0,0.0," 2,950,000 "
199,210,V26-0762,2023-07-23,DRYU9678305,0,2023-07-22,0.0,1,XUAT,Khay Nhua,0,0 days 00:00:00,DONG KET HOP,CANG TAN THUAN,GND,HAU,VP,0.0," 6,100,000 ",0,0,0.0,0.0,0.0," 6,100,000 "
